[
  {
    "name": "Michael Sanchez",
    "email": "michael@tampabayhvacexperts.com",
    "company": "Tampa Bay HVAC Experts",
    "city": "Tampa",
    "phone": "813-456-7890",
    "industry": "HVAC"
  },
  {
    "name": "Emily Carter",
    "email": "emily@floridaheatandcool.com",
    "company": "Florida Heat and Cool Services",
    "city": "Tampa",
    "phone": "813-555-1234",
    "industry": "HVAC"
  },
  {
    "name": "Roberto Martinez",
    "email": "roberto@gulfcoastac.com",
    "company": "Gulf Coast Air Conditioning",
    "city": "Tampa",
    "phone": "813-777-8888",
    "industry": "HVAC"
  },
  {
    "name": "Michael Garcia",
    "email": "michael@orlandoairpros.com",
    "company": "Orlando Air Pros",
    "city": "Orlando",
    "phone": "407-555-1234",
    "industry": "HVAC"
  },
  {
    "name": "Jennifer Martinez",
    "email": "jennifer@centralfloridacoolingexperts.com",
    "company": "Central Florida Cooling Experts",
    "city": "Orlando",
    "phone": "407-555-5678",
    "industry": "HVAC"
  },
  {
    "name": "Carlos Rivera",
    "email": "carlos@sunshinehvacsolutions.com",
    "company": "Sunshine HVAC Solutions",
    "city": "Orlando",
    "phone": "407-555-9012",
    "industry": "HVAC"
  },
  {
    "name": "Mike Thompson",
    "email": "mike@jacksonvillecoolairsolutions.com",
    "company": "Jacksonville Cool Air Solutions",
    "city": "Jacksonville",
    "phone": "904-555-1234",
    "industry": "HVAC"
  },
  {
    "name": "Lisa Rodriguez",
    "email": "lisa@floridaheatwavehvac.com",
    "company": "Florida Heatwave HVAC Services",
    "city": "Jacksonville",
    "phone": "904-555-5678",
    "industry": "HVAC"
  },
  {
    "name": "Carlos Martinez",
    "email": "carlos@rivercityacexperts.com",
    "company": "River City Air Conditioning Experts",
    "city": "Jacksonville",
    "phone": "904-555-9876",
    "industry": "HVAC"
  },
  {
    "name": "Juan Rodriguez",
    "email": "juan@miamiheathvac.com",
    "company": "Miami Heat HVAC Services",
    "city": "Miami",
    "phone": "3055551234",
    "industry": "HVAC"
  },
  {
    "name": "Maria Gonzalez",
    "email": "maria@floridabreezesolutions.com",
    "company": "Florida Breeze Cooling Solutions",
    "city": "Miami",
    "phone": "7869876543",
    "industry": "HVAC"
  },
  {
    "name": "Michael Thompson",
    "email": "michael@sunshineacexperts.com",
    "company": "Sunshine Air Conditioning Experts",
    "city": "Miami",
    "phone": "3058765432",
    "industry": "HVAC"
  },
  {
    "name": "John Ramirez",
    "email": "john@sunshineacservices.com",
    "company": "Sunshine Air Conditioning Services",
    "city": "Fort Lauderdale",
    "phone": "954-123-4567",
    "industry": "HVAC"
  },
  {
    "name": "Maria Gonzalez",
    "email": "maria@browardcoolingexperts.com",
    "company": "Broward Cooling Experts",
    "city": "Fort Lauderdale",
    "phone": "954-234-5678",
    "industry": "HVAC"
  },
  {
    "name": "Robert Thompson",
    "email": "robert@fortlauderdalehvacpros.com",
    "company": "Fort Lauderdale HVAC Pros",
    "city": "Fort Lauderdale",
    "phone": "954-345-6789",
    "industry": "HVAC"
  },
  {
    "name": "John Rodriguez",
    "email": "john@tropicalbreezehvac.com",
    "company": "Tropical Breeze HVAC",
    "city": "West Palm Beach",
    "phone": "561-123-4567",
    "industry": "HVAC"
  },
  {
    "name": "Emily Carter",
    "email": "emily@westpalmairpros.com",
    "company": "West Palm Air Pros",
    "city": "West Palm Beach",
    "phone": "561-234-5678",
    "industry": "HVAC"
  },
  {
    "name": "Michael Sanchez",
    "email": "michael@floridaheatsolutions.com",
    "company": "Florida Heat Solutions",
    "city": "West Palm Beach",
    "phone": "561-345-6789",
    "industry": "HVAC"
  },
  {
    "name": "Mike Anderson",
    "email": "mike@bayfronthvac.com",
    "company": "Bayfront HVAC Solutions",
    "city": "St. Petersburg",
    "phone": "727-555-1234",
    "industry": "HVAC"
  },
  {
    "name": "Maria Lopez",
    "email": "maria@suncoastac.com",
    "company": "Suncoast Air Conditioning Experts",
    "city": "St. Petersburg",
    "phone": "727-555-5678",
    "industry": "HVAC"
  },
  {
    "name": "David Thompson",
    "email": "david@pinellasclimate.com",
    "company": "Pinellas Climate Control Services",
    "city": "St. Petersburg",
    "phone": "727-555-9012",
    "industry": "HVAC"
  },
  {
    "name": "Michael Thompson",
    "email": "michael@clearwatercomforthvac.com",
    "company": "Clearwater Comfort HVAC",
    "city": "Clearwater",
    "phone": "727-123-4567",
    "industry": "HVAC"
  },
  {
    "name": "Carlos Rodriguez",
    "email": "carlos@pinellasairsolutions.com",
    "company": "Pinellas Air Solutions",
    "city": "Clearwater",
    "phone": "727-234-5678",
    "industry": "HVAC"
  },
  {
    "name": "Sarah Johnson",
    "email": "sarah@gulfcoastcoolingexperts.com",
    "company": "Gulf Coast Cooling Experts",
    "city": "Clearwater",
    "phone": "727-345-6789",
    "industry": "HVAC"
  },
  {
    "name": "Mike Johnson",
    "email": "mike@sarasotabreezehvac.com",
    "company": "Sarasota Breeze HVAC",
    "city": "Sarasota",
    "phone": "941-555-1234",
    "industry": "HVAC"
  },
  {
    "name": "Emily Rodriguez",
    "email": "emily@gulfcoastcomfort.com",
    "company": "Gulf Coast Comfort Solutions",
    "city": "Sarasota",
    "phone": "941-555-5678",
    "industry": "HVAC"
  },
  {
    "name": "Robert Thompson",
    "email": "robert@siestakeyairpros.com",
    "company": "Siesta Key Air Pros",
    "city": "Sarasota",
    "phone": "941-555-9876",
    "industry": "HVAC"
  },
  {
    "name": "Michael Thompson",
    "email": "michael@naplesairsolutions.com",
    "company": "Naples Air Solutions",
    "city": "Naples",
    "phone": "239-555-1234",
    "industry": "HVAC"
  },
  {
    "name": "Sarah Rodriguez",
    "email": "sarah@suncoasthvacexperts.com",
    "company": "Suncoast HVAC Experts",
    "city": "Naples",
    "phone": "239-555-5678",
    "industry": "HVAC"
  },
  {
    "name": "Robert Hayes",
    "email": "robert@floridagulfcooling.com",
    "company": "Florida Gulf Cooling Services",
    "city": "Naples",
    "phone": "239-555-9012",
    "industry": "HVAC"
  },
  {
    "name": "Michael Thompson",
    "email": "michael@fortmyerscoolingexperts.com",
    "company": "Fort Myers Cooling Experts",
    "city": "Fort Myers",
    "phone": "239-123-4567",
    "industry": "HVAC"
  },
  {
    "name": "Sophia Rodriguez",
    "email": "sophia@gulfcoasthvcs.com",
    "company": "Gulf Coast HVAC Services",
    "city": "Fort Myers",
    "phone": "239-234-5678",
    "industry": "HVAC"
  },
  {
    "name": "David Martinez",
    "email": "david@sunshinestateac.com",
    "company": "Sunshine State Air Conditioning",
    "city": "Fort Myers",
    "phone": "239-345-6789",
    "industry": "HVAC"
  },
  {
    "name": "Mike Thompson",
    "email": "mike@lakelandcomfortsolutions.com",
    "company": "Lakeland Comfort Solutions",
    "city": "Lakeland",
    "phone": "863-555-1234",
    "industry": "HVAC"
  },
  {
    "name": "Maria Rodriguez",
    "email": "maria@floridaheatairpros.com",
    "company": "Florida Heat & Air Pros",
    "city": "Lakeland",
    "phone": "863-555-5678",
    "industry": "HVAC"
  },
  {
    "name": "David Wilson",
    "email": "david@sunshinehvacservices.com",
    "company": "Sunshine HVAC Services",
    "city": "Lakeland",
    "phone": "863-555-9012",
    "industry": "HVAC"
  },
  {
    "name": "Mike Anderson",
    "email": "mike@gainesvilleairpros.com",
    "company": "Gainesville Air Pros",
    "city": "Gainesville",
    "phone": "352-555-1234",
    "industry": "HVAC"
  },
  {
    "name": "Sarah Thompson",
    "email": "sarah@northfloridacoolingexperts.com",
    "company": "North Florida Cooling Experts",
    "city": "Gainesville",
    "phone": "352-555-5678",
    "industry": "HVAC"
  },
  {
    "name": "Carlos Martinez",
    "email": "carlos@sunshinehvacservices.com",
    "company": "Sunshine HVAC Services",
    "city": "Gainesville",
    "phone": "352-555-9876",
    "industry": "HVAC"
  },
  {
    "name": "Robert Davis",
    "email": "robert@tallahasseehvacpros.com",
    "company": "Tallahassee HVAC Pros",
    "city": "Tallahassee",
    "phone": "8504071234",
    "industry": "HVAC"
  },
  {
    "name": "Emily Wilson",
    "email": "emily@bigbendcooling.com",
    "company": "Big Bend Cooling Services",
    "city": "Tallahassee",
    "phone": "8505559876",
    "industry": "HVAC"
  },
  {
    "name": "Carlos Mendoza",
    "email": "carlos@northfloridaac.com",
    "company": "North Florida Air Conditioning",
    "city": "Tallahassee",
    "phone": "8506665432",
    "industry": "HVAC"
  },
  {
    "name": "Mike Anderson",
    "email": "mike@pensacolacoastalhvac.com",
    "company": "Pensacola Coastal HVAC",
    "city": "Pensacola",
    "phone": "850-555-1234",
    "industry": "HVAC"
  },
  {
    "name": "Sarah Thompson",
    "email": "sarah@gulfbreezeairsolutions.com",
    "company": "Gulf Breeze Air Solutions",
    "city": "Pensacola",
    "phone": "850-555-5678",
    "industry": "HVAC"
  },
  {
    "name": "Robert Davis",
    "email": "robert@emeraldcoastheatingcooling.com",
    "company": "Emerald Coast Heating and Cooling",
    "city": "Pensacola",
    "phone": "850-555-9012",
    "industry": "HVAC"
  },
  {
    "name": "John Ramirez",
    "email": "john@suncoasthvacsolutions.com",
    "company": "Suncoast HVAC Solutions",
    "city": "Daytona Beach",
    "phone": "386-555-1234",
    "industry": "HVAC"
  },
  {
    "name": "Mike Sullivan",
    "email": "mike@daytonabeachairpros.com",
    "company": "Daytona Beach Air Pros",
    "city": "Daytona Beach",
    "phone": "386-555-5678",
    "industry": "HVAC"
  },
  {
    "name": "Sarah Martinez",
    "email": "sarah@coastalcoolingheating.com",
    "company": "Coastal Cooling & Heating",
    "city": "Daytona Beach",
    "phone": "386-555-9012",
    "industry": "HVAC"
  },
  {
    "name": "Mike Anderson",
    "email": "mike@melbourneairpros.com",
    "company": "Melbourne Air Pros",
    "city": "Melbourne",
    "phone": "321-555-1234",
    "industry": "HVAC"
  },
  {
    "name": "Sarah Martinez",
    "email": "sarah@floridacomforthvac.com",
    "company": "Florida Comfort HVAC",
    "city": "Melbourne",
    "phone": "321-555-5678",
    "industry": "HVAC"
  },
  {
    "name": "John Thompson",
    "email": "john@brevardcoolingsolutions.com",
    "company": "Brevard Cooling Solutions",
    "city": "Melbourne",
    "phone": "321-555-9012",
    "industry": "HVAC"
  }
]