Phone,Business Name,Category,Address
(863) 688-9478,Sun State Janitorial Products,Establishment,"1802 S Combee Rd, Lakeland, FL 33801, USA"
(863) 324-0911,Janitorial Superstore,Establishment,"3232 Dundee Rd, Winter Haven, FL 33884, USA"
(863) 393-9088,Gem Supply Company,Establishment,"1802 S Combee Rd, Lakeland, FL 33801, USA"
(800) 717-4766,Supreme Maintenance Organization,Establishment,"2420 N Crystal Lake Dr, Lakeland, FL 33801, USA"
(800) 431-3000,HD Supply Facilities Maintenance,Establishment,"6850 Firstpark Blvd Suite 150, Lakeland, FL 33805, USA"
(863) 205-3425,Zaharaly Cleaners Inc,Establishment,"Great Oak Dr, Lakeland, FL 33815, USA"
(863) 665-4240,Early Janitorial Supplies,Establishment,"4104 Rolling Oak Dr, Lakeland, FL 33810, USA"
(832) 657-4767,"Jet Security LLC, Lakeland, Florida",Establishment,"122 E Main St #292, Lakeland, FL 33801, USA"
(863) 225-1788,Signal of Lakeland,Establishment,"5120 Florida Ave S #301, Lakeland, FL 33813, USA"
(863) 648-5335,Securitas Security Services USA,Establishment,"4175 Pipkin Rd S, Lakeland, FL 33811, USA"
(863) 682-2023,Allied Universal® Security Services,Establishment,"1832 N Crystal Lake Dr, Lakeland, FL 33801, USA"
(800) 218-9156,"St. Moritz Security Services, Inc.",Establishment,"2054 E Edgewood Dr, Lakeland, FL 33803, USA"
(888) 940-4747,PGS USA,Establishment,"500 Florida Ave S Suite 406, Lakeland, FL 33801, USA"
(863) 420-2900,A.L.S. Security Solutions,Electrician,"15915 Brown Shinn Rd, Polk City, FL 33868, USA"
(800) 743-6242,ADT Security Services,Electronics Store,"1424 Commercial Park Dr Unit 6, Lakeland, FL 33801, USA"
(863) 473-5063,HD Cameras USA - Lakeland Security Camera Installation,Establishment,"1543 Lakeland Hills Blvd Suite 11, Lakeland, FL 33805, USA"
(863) 937-9756,Lakeland Security Training Center,Establishment,"5120 Florida Ave S, Lakeland, FL 33813, USA"
(321) 424-6100,Dynamic Security,Establishment,"2020 S Combee Rd Suite #1, Lakeland, FL 33801, USA"
(800) 444-1191,"Sonitrol of Polk County, LLC",Establishment,"2500 Drane Field Rd STE 106, Lakeland, FL 33811, USA"
(800) 936-5119,Sittadel - Cybersecurity Solutions,Establishment,"100 E Main St, Lakeland, FL 33801, USA"
(863) 968-3493,UNITED PROTECTIVE SECURITY,Establishment,"100 Ave K NE, Winter Haven, FL 33881, USA"
(863) 345-2727,Technology Wiring | Security Camera Installation near Lakeland | CCTV cameras Installation,Electronics Store,"122 E Main St #357, Lakeland, FL 33801, USA"
(863) 687-3574,Security Engineers Inc,Establishment,"Lakeland, FL 33801, USA"
(863) 644-0071,Alarm Center Inc,Electronics Store,"1115 N Combee Rd, Lakeland, FL 33801, USA"
(863) 999-0588,Trusted Fire and Security,Establishment,"4815 Southwind Ct, Mulberry, FL 33860, USA"
(863) 701-4973,Rickner Smart Solutions,Establishment,"122 E Main St Ste 293, Lakeland, FL 33801, USA"
(863) 660-8226,Harvest Data Co llc,Establishment,"5340 Serena Dr, Lakeland, FL 33810, USA"
(863) 701-5678,SKS Security Integrators,Establishment,"630 N Gary Rd, Lakeland, FL 33801, USA"
(863) 802-9130,EMG Alarm Specialist Corporation,Establishment,"Lakeland, FL 33801, USA"
(863) 400-3473,Fire Pros Commercial Services,Establishment,"3504 Century Blvd #1, Lakeland, FL 33811, USA"
(863) 521-1933,Lakeland Specialty Communications,Establishment,"5330 Kings Mont Dr, Lakeland, FL 33813, USA"
(813) 922-2793,"Surveillance Specialist Group, LLC",Establishment,"1066 E Bloomingdale Ave, Valrico, FL 33596, USA"
(863) 619-7734,Soundwaves Audio Video Lakeland,Electronics Store,"2107 E Edgewood Dr, Lakeland, FL 33803, USA"
(863) 614-0811,Orange Peel Technologies,Establishment,"41 Lake Morton Dr, Lakeland, FL 33801, USA"
(863) 345-3031,Selfie Studio,Establishment,"2500 Drane Field Rd Ste 114, Lakeland, FL 33811, USA"
(863) 858-4097,JCPenney Portraits,Establishment,"3800 US Hwy 98 N Suite 200, Lakeland, FL 33809, USA"
(863) 333-5793,Lakeland photo studio,Establishment,"2225 E Edgewood Dr Suite 2, Lakeland, FL 33803, USA"
(863) 370-5018,"Caracheo Productions - Photographer, Party Bus, Photo Booth, Hora Loka, 360 Booth, Studio Rental & Photo Printing.",Clothing Store,"3015 Duff Rd, Lakeland, FL 33810, USA"
(813) 598-5044,Crazy Horse,Establishment,"502 E Main St, Lakeland, FL 33801, USA"
(863) 688-4505,NFocus Studios,Establishment,"1910 Harden Blvd #109, Lakeland, FL 33803, USA"
(401) 347-4514,Stateside Media,Establishment,"502 E Main St, Lakeland, FL 33801, USA"
(863) 272-1899,Indie Atlantic Films,Establishment,"1037 Florida Ave S Suite 106, Lakeland, FL 33803, USA"
(863) 873-3532,Phenomenal Films and Photos,Establishment,"1052 US-92, Auburndale, FL 33823, USA"
(863) 999-4594,RAW Compositions,Establishment,"201 Traders Alley, Lakeland, FL 33801, USA"
(863) 666-1274,Creative Video Services,Establishment,"3017 Heather Way, Lakeland, FL 33801, USA"
(863) 900-9089,"BrandAid, Inc.",Establishment,"211 E Main St Ste. 109, Lakeland, FL 33801, USA"
(863) 738-0177,TrueHope TV Studios,Establishment,"1035 Florida Ave S #200, Lakeland, FL 33803, USA"
(719) 344-3462,Alina Creative Designs,Establishment,"4920 FL-33, Lakeland, FL 33805, USA"
(866) 423-2748,Simply Creative Designing Inc,Establishment,"502 E Main St, Lakeland, FL 33801, USA"
(863) 327-9570,Graphix Custom Apparel,Clothing Store,"3800 US Hwy 98 N #582, Lakeland, FL 33809, USA"
(863) 559-2922,"Graphic Installers, Inc.",Establishment,"4403 Holden Rd, Lakeland, FL 33811, USA"
(253) 237-4636,A Fine Press,Establishment,"4204 Florida Ave S suite e, Lakeland, FL 33813, USA"
(806) 773-2877,Elsner LLC - Ecommerce Development and Solutions,Establishment,"1467 Silver Leaf Dr, Lakeland, FL 33813, USA"
(863) 815-1527,Accounting & Tax Associates Inc,Accounting,"930 Marcum Rd # 4, Lakeland, FL 33809, USA"
(800) 701-4951,Enelus Tax & Immigration Services LLC,Accounting,"5100 US Hwy 98 N Unit 12, Lakeland, FL 33809, USA"
(863) 815-4810,Farley's tax service,Accounting,"7539 Eastview Pl, Lakeland, FL 33810, USA"
(863) 859-5657,H&R Block,Accounting,"6230 US Hwy 98 N Ste 704, Lakeland, FL 33809, USA"
(863) 853-4181,Amscot - The Money Superstore,Establishment,"5869 US Hwy 98 N, Lakeland, FL 33809, USA"
(813) 836-6062,Tanja Coffee Mobile Notary Public & Wedding Officiant,Establishment,"5742 Bambi Dr, Lakeland, FL 33809, USA"
(813) 333-1524,Mobile Notary and Signing Services (Bilingual/Spanish),Establishment,"We ComeTo You, We Have No Public Office, 6136 Kathleen Rd, Kathleen, FL 33849, USA"
(863) 940-4850,La Rosa Realty Prestige,Establishment,"123 S Tennessee Ave Suite 1, Lakeland, FL 33801, USA"
(863) 815-8000,MillShire Realty,Establishment,"1857 N Crystal Lake Dr, Lakeland, FL 33801, USA"
(863) 329-8784,Seven Dragons Inc.,Establishment,"7892 Canterbury Cir, Lakeland, FL 33810, USA"
(863) 356-3061,Bridgewater Grand,Establishment,"5546 Autumn Ridge Rd, Lakeland, FL 33805, USA"
(863) 246-0400,The Shore Luxury Apartment Homes,Establishment,"5680 Waterside Blvd, Lakeland, FL 33805, USA"
(833) 210-3226,Audubon Oaks,Establishment,"4350 Audubon Oaks Cir, Lakeland, FL 33809, USA"
(863) 238-7237,Story Lake Gibson | Luxury Apartment Homes,Establishment,"6120 Burnett St, Lakeland, FL 33809, USA"
(863) 238-2918,The Retreat at Lakeland,Establishment,"5115 N Socrum Loop Rd, Lakeland, FL 33809, USA"
(863) 445-9424,The Preserve at Lakeland Hills Apartments,Establishment,"4920 FL-33, Lakeland, FL 33805, USA"
(863) 431-8656,The Park at Palazzo Apartment Homes,Establishment,"3685 Victoria Manor Dr, Lakeland, FL 33805, USA"
(863) 292-6319,Arbor Glen Apartments,Establishment,"4950 Deep Forest Ct, Lakeland, FL 33805, USA"
(877) 629-2941,Prospect Lake Wire Apartments,Establishment,"380 Lake Wire Dr, Lakeland, FL 33815, USA"
(863) 509-4960,The Caroline Apartments,Establishment,"1906 Griffin Rd, Lakeland, FL 33810, USA"
(863) 509-5492,Lakeland Landing,Establishment,"4355 Corporate Ave, Lakeland, FL 33809, USA"
(855) 951-4333,Big Oaks,Establishment,"1510 Big Oaks Dr, Lakeland, FL 33810, USA"
(855) 774-1845,Reserve at Lakeland Apartments,Establishment,"5233 US-98, Lakeland, FL 33809, USA"
(863) 208-6588,Mirrorton Apartments,Establishment,"309 Mirrorton Ave, Lakeland, FL 33801, USA"
(863) 695-1544,Carlton Arms of North Lakeland,Establishment,"4500 Williamstown Blvd, Lakeland, FL 33810, USA"
(863) 614-1867,Regency Apartments,Establishment,"140 Glendale St, Lakeland, FL 33803, USA"
(863) 230-8001,Royal Oak Apartments,Establishment,"923 E Lemon St, Lakeland, FL 33801, USA"
(863) 606-0102,Edgewood Apartments,Establishment,"2050 E Edgewood Dr, Lakeland, FL 33803, USA"
(863) 474-9593,Water's Edge Apartments,Establishment,"3625 New Jersey Rd, Lakeland, FL 33803, USA"
(863) 656-0350,Fountain Square Apartments,Establishment,"225 E Edgewood Dr, Lakeland, FL 33803, USA"
(863) 859-2321,Storage King USA,Establishment,"9010 US Hwy 98 N, Lakeland, FL 33809, USA"
(863) 279-4087,First Choice Mini Storage,Establishment,"8315 FL-33, Lakeland, FL 33809, USA"
(863) 858-2650,Century Boat & RV Storage,Establishment,"5915 Walt Loop Rd, Lakeland, FL 33809, USA"
(863) 815-4324,Murphy USA,Convenience Store,"5720 US Hwy 98 N, Lakeland, FL 33809, USA"
(404) 829-6381,RaceTrac,Cafe,"6650 US Hwy 98 N, Lakeland, FL 33810, USA"
(863) 853-3250,Gas Station,Establishment,"4655 N Socrum Loop Rd, Lakeland, FL 33809, USA"
(863) 940-9071,MARATHON,Convenience Store,"111 Marcum Rd #4302, Lakeland, FL 33809, USA"
(863) 853-8592,Sam's Club Gas Station,Establishment,"4600 US Hwy 98 N, Lakeland, FL 33809, USA"
(863) 858-3730,Mobil,Establishment,"5870 US Hwy 98 N, Lakeland, FL 33809, USA"
(863) 859-2397,Mobil,Establishment,"6655 N Socrum Loop Rd, Lakeland, FL 33809, USA"
(863) 859-1056,Marathon,Establishment,"4718 US Hwy 98 N, Lakeland, FL 33809, USA"
(863) 816-4775,Nick & Moes 003 (US HWY 98 Lakeland),Establishment,"2750 US Hwy 98 N, Lakeland, FL 33805, USA"
(863) 859-9461,Circle K,Atm,"7250 US Hwy 98 N, Lakeland, FL 33809, USA"
(863) 815-4480,7-Eleven Fuel,Establishment,"290 Lakeland Park Blvd @, N Socrum Loop Rd, Lakeland, FL 33809, USA"
(863) 680-1425,Marathon Gas Station,Establishment,"1201 Florida Ave S, Lakeland, FL 33803, USA"
(863) 815-2707,Circle K | Gas Station,Establishment,"1026 Walt Williams Rd, Lakeland, FL 33809, USA"
(863) 940-3697,Chevron,Establishment,"3250 US Hwy 98 N, Lakeland, FL 33805, USA"
(863) 858-3685,Circle K,Atm,"8324 US Hwy 98 N, Lakeland, FL 33809, USA"
(863) 940-2825,SA Beverage Castle.,Convenience Store,"1200 W Daughtery Rd, Lakeland, FL 33810, USA"
(863) 816-1181,One Stop Shop,Atm,"3029 Duff Rd, Lakeland, FL 33810, USA"
(863) 853-9384,Kathleen Food Mart,Convenience Store,"6403 Kathleen Rd, Lakeland, FL 33810, USA"
(863) 686-3384,"ARIANA FRIENDS, INC",Establishment,"1202 Ariana St, Lakeland, FL 33803, USA"
(863) 500-4235,Tobacco Depot,Establishment,"6601 N Socrum Loop Rd Unit #203, Lakeland, FL 33809, USA"
(863) 687-4168,LaFamosa Cigars & Pipe Tobacco,Establishment,"2118 Florida Ave S, Lakeland, FL 33803, USA"
(863) 859-2548,Publix Liquors at Lake Gibson Shopping Center,Establishment,"6755 US Hwy 98 N, Lakeland, FL 33809, USA"
(863) 859-3626,Walmart Wine and Liquor,Establishment,"5800 US Hwy 98 N, Lakeland, FL 33809, USA"
(863) 450-2933,Griffith Alteration TAILORING,Establishment,"5512 US Hwy 98 N, Lakeland, FL 33809, USA"
(863) 683-6572,Lakeland Fashion,Establishment,"1525 W Memorial Blvd, Lakeland, FL 33815, USA"
(863) 687-2814,Alterations To Go,Establishment,"821 N Lake Parker Ave, Lakeland, FL 33801, USA"
(863) 333-0068,"NYC Alterations, LLC",Establishment,"2160 Co Rd 540A, Lakeland, FL 33813, USA"
(863) 682-0176,SEWBOX,Clothing Store,"2929 Florida Ave S Suite 5, Lakeland, FL 33803, USA"
(863) 425-1921,Marlene's Alterations,Establishment,"206 W Badcock Blvd, Mulberry, FL 33860, USA"
(863) 701-2222,MDIZ Collection,Clothing Store,"6940 Florida Ave S, Lakeland, FL 33813, USA"
(786) 287-9173,ALTERATIONS BY ANNIS THE TAILOR,Clothing Store,"4326 Wallace Rd, Lakeland, FL 33812, USA"
(813) 516-2130,Sew 'N' Go Alterations,Establishment,"901 E Reynolds St, Plant City, FL 33563, USA"
(863) 815-4677,Park Avenue,Clothing Store,"3800 U.S. 98 #320, Lakeland, FL 33809, USA"
(863) 347-4387,Eva's Bridal & Alterations,Establishment,"6970 Appaloosa Dr Suite 3, Lakeland, FL 33811, USA"
(863) 666-6994,Emo's Upholstery,Car Repair,"1641 N Combee Rd, Lakeland, FL 33801, USA"
(863) 683-4108,J & B Upholstery,Car Repair,"1223 George Jenkins Blvd, Lakeland, FL 33815, USA"
(863) 937-9330,Pegg's Auto Upholstery,Car Repair,"823 N Lake Parker Ave, Lakeland, FL 33801, USA"
(813) 290-1946,AZ Upholstery Group,Establishment,"612 N Ingraham Ave, Lakeland, FL 33801, USA"
(863) 738-0014,Stitches Restoration,Establishment,"2711 Industrial Park Dr, Lakeland, FL 33801, USA"
(432) 248-1575,Jdean Upholstery,Establishment,"755 Creative Dr, Lakeland, FL 33813, USA"
(863) 646-0966,D & L Upholstery,Establishment,"4450 Coachwood Ln, Mulberry, FL 33860, USA"
(863) 330-9177,Phillip's Auto Upholstery,Car Repair,"2401 Pinewood Dr, Auburndale, FL 33823, USA"
(863) 345-0183,Encore Furniture Restoration,Establishment,"8028 Settlers Creek Ln, Lakeland, FL 33810, USA"
(863) 802-5357,Florida Paints - Lakeland,Establishment,"1737 E Edgewood Dr, Lakeland, FL 33803, USA"
(863) 853-2765,Sherwin-Williams Paint Store,Establishment,"5611 US Hwy 98 N, Lakeland, FL 33809, USA"
(800) 262-8025,Ben's Paint Supply,Establishment,"1453 E Gary Rd, Lakeland, FL 33801, USA"
(863) 688-1917,PPG Paint Store,Establishment,"316 S Lake Parker Ave, Lakeland, FL 33801, USA"
(863) 686-4137,Sherwin-Williams Commercial Paint Store,Establishment,"617 Florida Ave S, Lakeland, FL 33801, USA"
(863) 450-2805,National Coatings & Supplies,Car Repair,"4000 N Combee Rd suite 100, Lakeland, FL 33805, USA"
(863) 688-1643,Econo Auto Painting,Car Repair,"1822 W Memorial Blvd, Lakeland, FL 33815, USA"
(863) 337-7655,Sherwin-Williams Commercial Paint Store,Establishment,"3545 US-98, Lakeland, FL 33809, USA"
(863) 644-3232,Sherwin-Williams Paint Store,Establishment,"5717 Florida Ave S, Lakeland, FL 33813, USA"
(863) 614-1349,Maaco Auto Body Shop & Painting,Car Repair,"1120 George Jenkins Blvd, Lakeland, FL 33815, USA"
(863) 665-6311,"Ridge Lumber & Treating, Inc.",Establishment,"2430 McJunkin Rd, Lakeland, FL 33803, USA"
(863) 984-0859,Mid-South Lumber Co,Establishment,"3685 Old Polk City Rd, Lakeland, FL 33809, USA"
(863) 688-1301,Hicks Welding,Establishment,"1723 W Memorial Blvd, Lakeland, FL 33815, USA"
(863) 665-0135,Bob's Welding Fabrication and Maintenance Inc,Establishment,"542 S Combee Rd, Lakeland, FL 33801, USA"
(863) 934-1786,Moore's Welding & Iron Work,Establishment,"2714 Providence Rd, Lakeland, FL 33805, USA"
(863) 450-0752,Waters Welding & Fabrication LLC,Establishment,"10046 Moore Rd, Lakeland, FL 33809, USA"
(863) 701-4801,ARC WELDING INC.,Establishment,"1113 N Grady Ave, Lakeland, FL 33805, USA"
(863) 205-4278,Whatley Metal Works LLC Welding and Fabrication,Establishment,"3643 Opal Dr, Mulberry, FL 33860, USA"
(813) 363-0336,"4th Dimension Fab, LLC",Establishment,"3615 Century Blvd, Lakeland, FL 33811, USA"
(863) 944-0594,The Custom Shoppe LLC,Establishment,"2960 Parkway St, Lakeland, FL 33811, USA"
(863) 602-5251,Dale's Welding & Fabrication,Establishment,"9432 Tom Costine Rd, Lakeland, FL 33809, USA"
(813) 433-6869,Elite Welding Services LLC,Establishment,"4320 FL-60, Mulberry, FL 33860, USA"
(863) 608-7600,Norse Metals LLC,Establishment,"2324 Old Combee Rd Apartment 107, Lakeland, FL 33805, USA"
(863) 232-7079,Kirkland welding and fabrication,Establishment,"10037 Rachel Cherie Dr, Polk City, FL 33868, USA"
(863) 640-3247,KT of Central Florida Welding and Fabrication,Car Repair,"15510 Brahma Rd, Polk City, FL 33868, USA"
(863) 425-3198,P & A Welding,Establishment,"2805 FL-60, Mulberry, FL 33860, USA"
(863) 425-3305,Bnj Welder Repair Inc,Establishment,"1110 Kingsford Cir, Mulberry, FL 33860, USA"
(863) 514-9630,AJ's Fabrication,Establishment,"5754 State Road 542 West #2, Winter Haven, FL 33880, USA"
(863) 644-8432,Specialty Fabrication LLC,Establishment,"4015 Drane Field Rd, Lakeland, FL 33811, USA"
(863) 965-8423,Crumpton Welding Supplies,Establishment,"601 Charlotte Rd, Auburndale, FL 33823, USA"
(863) 667-1004,Narramore Machine Shop,Car Repair,"2770 Industrial Park Dr, Lakeland, FL 33801, USA"
(863) 701-2291,Independent Machine Works,Establishment,"2810 Parkway St #8, Lakeland, FL 33811, USA"
(863) 665-7156,Lesnett's Machinery,Establishment,"2910 E Main St, Lakeland, FL 33801, USA"
(863) 644-2815,"J C Machine, Inc.",Establishment,"3620 Airport Rd, Lakeland, FL 33811, USA"
(800) 958-5093,"Turn and Burn Metalworks, LLC",Establishment,"8008 Apache Ln, Lakeland, FL 33810, USA"
(863) 899-0024,Imamillin Machine Services,Establishment,"8157 Westmont Ave, Lakeland, FL 33810, USA"
(863) 458-7098,Angelo&Lou's mechanic shop,Car Repair,"916 Amick Loop, Lakeland, FL 33815, USA"
(863) 665-1711,Southern Machinery Corporation,Establishment,"2855 Brooks St, Lakeland, FL 33803, USA"
(863) 665-7867,Tencarva Machinery Company,Establishment,"3524 Craftsman Blvd, Lakeland, FL 33803, USA"
(863) 529-3420,Southern Machining Solutions,Establishment,"4442 Holden Rd, Lakeland, FL 33811, USA"
(863) 248-2424,Smith Challenger Manufacturing and Services,Establishment,"3434 Waterfield Rd, Lakeland, FL 33803, USA"
(863) 210-5384,Cherokee Manufacturing,Establishment,"3919 Air Park Dr, Lakeland, FL 33811, USA"
(863) 937-8928,Keller Manufacturing Inc.,Establishment,"4442 Holden Rd, Lakeland, FL 33811, USA"
(863) 248-2624,Smith Challenger Manufacturing & Services Inc,Establishment,"3434 Waterfield Rd, Lakeland, FL 33803, USA"
(800) 788-3951,Maclan Corporation,Establishment,"1808 S Combee Rd, Lakeland, FL 33801, USA"
(863) 688-1983,Plastic Trading International Inc,Establishment,"3612 Ventura Dr E, Lakeland, FL 33811, USA"
(863) 687-4110,"Integrated Metal Products, Inc.",Establishment,"2923 Old Tampa Hwy, Lakeland, FL 33803, USA"
(863) 646-8551,Industrial Plastic Systems,Establishment,"4225 Drane Field Rd, Lakeland, FL 33811, USA"
(863) 619-8617,Quadra Manufacturing Inc,Establishment,"4411 Holden Rd, Lakeland, FL 33811, USA"
(863) 688-3330,Solara Industries,Establishment,"4343 Frontage Rd N, Lakeland, FL 33815, USA"
(863) 576-1627,Quaker Distribution Warehouse,Establishment,"8054 State Rd 33 N, Lakeland, FL 33809, USA"
(863) 682-1442,Lakeland Fulfillment Center,Establishment,"1110 County Line Rd, Lakeland, FL 33815, USA"
(863) 688-1188,PUBLIX DC DRY WAREHOUSE (COUNTY LINE RD),Establishment,"2600 County Line Rd, Lakeland, FL 33811, USA"
(407) 715-7187,Publix Chart Warehouse,Establishment,"1936 George Jenkins Blvd, Lakeland, FL 33815, USA"
(863) 276-8000,HCA Lakeland Supply Chain,Establishment,"6445 Tradeport Dr, Lakeland, FL 33805, USA"
(888) 280-3321,TPA2 amazon,Establishment,"1760 County Line Rd, Lakeland, FL 33811, USA"
(863) 667-1136,Sam's Club Distribution Center,Establishment,"3010 Saddle Creek Rd, Lakeland, FL 33801, USA"
(863) 680-1710,Havertys Distribution Center,Establishment,"7100 Havertys Way, Lakeland, FL 33805, USA"
(863) 686-3737,Rooms To Go Distribution Center,Establishment,"1475 Airport Rd, Lakeland, FL 33811, USA"
(814) 818-3600,Publix Frozen Foods Warehouse gate 7,Establishment,"3045 New Tampa Hwy, Lakeland, FL 33815, USA"
(863) 766-2321,Speedy Car Shipping Lakeland,Establishment,"728 S New York Ave, Lakeland, FL 33815, USA"
(863) 606-0011,Old Dominion Freight Line,Establishment,"5260 N Combee Rd, Lakeland, FL 33805, USA"
(863) 688-1174,UPS Authorized Shipping Outlet,Establishment,"304 E Pine St, Lakeland, FL 33801, USA"
(800) 463-3339,FedEx ShipSite,Establishment,"2527 Florida Ave S, Lakeland, FL 33803, USA"
(863) 583-4607,"US Logistics Solutions, Inc.",Establishment,"2825 Drane Field Rd, Lakeland, FL 33811, USA"
(863) 683-7181,Trevlloy Shipping Inc,Establishment,"830 N Wabash Ave, Lakeland, FL 33815, USA"
(863) 666-3160,"Werner Enterprises, Inc",Establishment,"742 S Combee Rd, Lakeland, FL 33801, USA"
(863) 816-4277,UPS Authorized Shipping Outlet,Establishment,"7364 Kathleen Rd, Lakeland, FL 33810, USA"
(888) 258-7875,Blue Streak Couriers,Establishment,"2200 Heritage Dr, Lakeland, FL 33801, USA"
(863) 216-2221,Sunshine Auto Transport's Lakeland,Establishment,"1003 Florida Ave S, Lakeland, FL 33803, USA"
(863) 686-6142,W R Transport Inc,Establishment,"7655 New Tampa Hwy, Lakeland, FL 33815, USA"
(800) 443-3798,Exxact Express,Establishment,"1025 N Chestnut Rd, Lakeland, FL 33805, USA"
(800) 734-8170,Knight Transportation,Establishment,"4045 Old Tampa Hwy, Lakeland, FL 33811, USA"
(800) 741-7950,Bynum Transport,Establishment,"70 Thornhill Rd, Auburndale, FL 33823, USA"
(407) 292-3932,XGS - Lakeland,Establishment,"7270 Bridgewater Center Dr, Lakeland, FL 33805, USA"
(863) 500-8761,TCI Transportation,Establishment,"6300 New Tampa Hwy, Lakeland, FL 33815, USA"
(863) 984-4811,R+L Carriers,Establishment,"8425 Epicenter Blvd, Lakeland, FL 33809, USA"
(888) 983-3033,"Fusion Logistics Services, LLC",Establishment,"1212 E Main St, Lakeland, FL 33801, USA"
(863) 682-8948,Hayes & Hayes Trucking Inc,Establishment,"1115 Kathleen Rd, Lakeland, FL 33805, USA"
(863) 577-4700,"Hogan Truck Leasing & Rental: Lakeland, FL",Establishment,"660 McCue Rd, Lakeland, FL 33815, USA"
(863) 284-1011,Destiny Trucking Inc,Establishment,"2946 N Martha Ave, Lakeland, FL 33805, USA"
(800) 806-4917,Stevens Drop Yard,Establishment,"2901 Swindell Rd, Lakeland, FL 33805, USA"
(419) 925-4799,Moeller Trucking Inc,Establishment,"2996 Bannon Island Rd, Haines City, FL 33844, USA"
(863) 534-1575,Trans Phos Inc,Establishment,"5020 Old State Hwy 37, Mulberry, FL 33860, USA"
(855) 634-2875,Mega Trucking LLC,Establishment,"509 US-92, Auburndale, FL 33823, USA"
(863) 682-3973,Busy Beaver Express Inc,Establishment,"Lakeland, FL 33801, USA"
(863) 315-1054,Lakeland Multiservice LLC,Establishment,"1123 Walt Williams Rd #129, Lakeland, FL 33809, USA"
(800) 742-5877,UPS Access Point location,Establishment,"6105 US Hwy 98 N, Lakeland, FL 33809, USA"
(561) 223-9457,JL Express Courier Service,Establishment,"2321 Hunter St, Lakeland, FL 33803, USA"
(863) 665-4887,Little & Co Inc,Establishment,"3232 Maine Ave, Lakeland, FL 33801, USA"
(863) 397-8497,Northstar Packaging Products & Shipping Supplies,Establishment,"3888 Industry Blvd, Lakeland, FL 33811, USA"
(863) 802-1722,Monte Package Co,Establishment,"4300 Steward Rd, Lakeland, FL 33815, USA"
(863) 683-5490,Graham Packaging Co,Establishment,"1070 County Line Rd, Lakeland, FL 33815, USA"
(863) 284-2311,MaxPak Gateland Fulfillment - A TRG Company,Establishment,"4760 Gateland Dr, Lakeland, FL 33811, USA"
(863) 688-1200,Advanced Concept Innovations,Establishment,"4100 S Frontage Rd, Lakeland, FL 33815, USA"
(800) 277-7007,IPS Packaging & Automation,Establishment,"1641 S County Line Rd, Plant City, FL 33566, USA"
(607) 288-2216,American Bubble Boy 6,Establishment,"4725 Lakeland Commerce Pkwy Bay 15-16, Lakeland, FL 33805, USA"
(863) 688-6596,Moving Supplies at U-Haul,Establishment,"2525 US Hwy 98 N, Lakeland, FL 33810, USA"
(888) 247-2415,TriSupplies,Establishment,"2401 Drane Field Rd, Lakeland, FL 33811, USA"
(863) 965-2500,Packaging Corporation of America,Establishment,"2155 42nd St NW, Winter Haven, FL 33881, USA"
(813) 759-2503,Plastipak Packaging Inc,Establishment,"4211 Amberjack Blvd, Plant City, FL 33566, USA"
(813) 752-8777,Gulf Coast Cooling and Packaging,Establishment,"203 E Terrace Dr, Plant City, FL 33563, USA"
(800) 518-6305,Premier Packaging,Establishment,"2401 Police Center Dr, Plant City, FL 33566, USA"
(863) 686-1799,GLT Total Office,Establishment,"2929 S Combee Rd, Lakeland, FL 33803, USA"
(863) 644-5676,Walmart Business Center,Electronics Store,"3501 Florida Ave S, Lakeland, FL 33803, USA"
(863) 648-2000,Premiere Commercial Furniture and Design,Establishment,"160 Fitzgerald Rd #3, Lakeland, FL 33813, USA"
(863) 646-7291,Elite Office Logistics,Establishment,"4779 Drane Field Rd, Lakeland, FL 33811, USA"
(863) 250-2062,1-800 Office Solutions,Establishment,"238 N Massachusetts Ave, Lakeland, FL 33801, USA"
(863) 859-0622,Best Buy,Electronics Store,"4215 US Hwy 98 N, Lakeland, FL 33809, USA"
(863) 616-9302,City Electric Supply Lakeland,Establishment,"1131 E Lime St, Lakeland, FL 33801, USA"
(863) 640-0068,Noboxy Appliances,Establishment,"5183 US Hwy 98 N, Lakeland, FL 33809, USA"
(645) 220-4433,The appliances Outlet 2,Establishment,"645 McCue Rd, Lakeland, FL 33815, USA"
(813) 295-9203,Lugo Used Appliances,Establishment,"4770 US-92, Plant City, FL 33563, USA"
(863) 858-8959,.,Establishment,"1209 Gibsonia-Galloway Rd, Lakeland, FL 33810, USA"
(786) 241-1927,WillyAppliances llc,Establishment,"1504 S Combee Rd, Lakeland, FL 33801, USA"
(863) 288-8780,D N S & More Used Appliance Store,Establishment,"2104 K-Ville Ave, Auburndale, FL 33823, USA"
(813) 752-9569,C & G New & Used Appliances,Establishment,"115 E Dr Martin Luther King Jr Blvd, Plant City, FL 33563, USA"
(786) 758-1262,Hernandez Used appliances,Establishment,"2025 Dundee Rd, Winter Haven, FL 33884, USA"
(863) 666-5441,SCP Distributors LLC,Establishment,"3146 Winter Lake Rd, Lakeland, FL 33803, USA"
(863) 858-3404,Pinch A Penny Pool Patio Spa,Establishment,"6140 US Hwy 98 N, Lakeland, FL 33809, USA"
(863) 940-9826,"Affordable Spas, Pools & Billiards of Central FL",Establishment,"2326 E Edgewood Dr, Lakeland, FL 33803, USA"
(863) 293-8936,Village Pool Supply,Establishment,"368 N 5th St, Eagle Lake, FL 33839, USA"
(863) 683-3383,Pinch A Penny Pool Patio Spa,Establishment,"3025 Lakeland Highlands Rd, Lakeland, FL 33803, USA"
(863) 647-2343,Leslie's Pool Supplies,Establishment,"4770 Florida Ave S, Lakeland, FL 33813, USA"
(863) 668-9606,CBSPOOL,Establishment,"340 W Brannen Rd, Lakeland, FL 33813, USA"
(863) 607-6544,Pinch A Penny Pool Patio Spa,Establishment,"6952 Florida Ave S, Lakeland, FL 33813, USA"
(863) 940-3750,Coral Bargain Warehouse,Establishment,"3604 Century Blvd STE E, Lakeland, FL 33811, USA"
(863) 859-0655,Callahan’s Feed & Tack,Establishment,"8801 US Hwy 98 N, Lakeland, FL 33809, USA"
(863) 984-2560,Cattleman's Feed & Ranch,Establishment,"121 Commonwealth Ave N, Polk City, FL 33868, USA"
(863) 533-1814,Florida Farm & Ranch Supply,Clothing Store,"2975 FL-60, Bartow, FL 33830, USA"
(863) 537-2400,F1 Farm & Feed,Establishment,"7920 FL-60, Bartow, FL 33830, USA"
(813) 441-4383,Plant City Feed,Establishment,"3014 James L Redman Pkwy, Plant City, FL 33566, USA"
(813) 754-0909,The Hay Exchange,Establishment,"4950 US-92, Plant City, FL 33563, USA"
(813) 986-5611,Antioch Feed & Farm Supply,Establishment,"12650 McIntosh Rd, Thonotosassa, FL 33592, USA"
(813) 782-2333,Champions Choice Feeds,Establishment,"38626 Tucker Rd, Zephyrhills, FL 33542, USA"
(863) 425-5544,Land O'Lakes Purina Feed,Establishment,"890 Prairie Industrial Pkwy, Mulberry, FL 33860, USA"
(813) 704-6914,Ace Barn Feed & Pet Supplies,Establishment,"10425 County Rd 39, Lithia, FL 33547, USA"
(813) 782-1129,Bliss Feed & Supplies,Establishment,"36703 Chancey Rd, Zephyrhills, FL 33541, USA"
(863) 225-3883,Bingham's Branch,Establishment,"8625 Harrison Rd, Lakeland, FL 33810, USA"
(863) 815-2010,Garden Center at Tractor Supply,Establishment,"6945 US Hwy 98 N, Lakeland, FL 33809, USA"
(863) 853-4247,MST Sod Equipment,Establishment,"8110 US Hwy 98 N, Lakeland, FL 33810, USA"
(813) 578-0431,Florida Coast Equipment,Car Repair,"404 N Frontage Rd, Plant City, FL 33563, USA"
(863) 686-6943,C&M Tractor LLC,Establishment,"4709 Log Cabin Dr, Lakeland, FL 33810, USA"
(863) 537-1345,Grove Equipment Service,Establishment,"5905 FL-60 East, Bartow, FL 33830, USA"
(813) 737-1660,Everglades Equipment Group,Car Repair,"2805 FL-60, Plant City, FL 33567, USA"
(863) 967-0602,Fields Equipment Company Inc.,Establishment,"3203 Havendale Blvd, Winter Haven, FL 33881, USA"
(863) 606-0512,Ring Power Corporation,Car Repair,"3425 Reynolds Rd, Lakeland, FL 33803, USA"
(863) 356-8709,Florida Coast Equipment,Establishment,"3450 Havendale Blvd, Winter Haven, FL 33881, USA"
(813) 759-8722,Grove Equipment Service,Establishment,"908 E Baker St, Plant City, FL 33563, USA"
(813) 764-0603,GULF COAST TURF AND TRACTOR,Establishment,"404 N Frontage Rd, Plant City, FL 33563, USA"
(863) 858-4414,Conibear Equipment Co,Establishment,"8910 US-98, Lakeland, FL 33809, USA"
(863) 648-4498,Commercial Lawn Equipment,Establishment,"825 Creative Dr, Lakeland, FL 33813, USA"
(813) 713-5045,"Complete Land Solutions, LLC",Establishment,"8615 Old Lakeland Hwy, Zephyrhills, FL 33540, USA"
(863) 665-2819,Horizon Distributors,Establishment,"2384 Old Combee Rd Apartment 107, Lakeland, FL 33805, USA"
(863) 342-6894,Synergy Equipment Rental Lakeland,Establishment,"2702 Drane Field Rd, Lakeland, FL 33811, USA"
(863) 225-5945,"Spring Lane Ranch, LLC",Establishment,"4427 Spring Ln, Lakeland, FL 33811, USA"
(863) 602-0782,Mainstone Riding Academy,Establishment,"1 Mainstone Dr, Lakeland, FL 33801, USA"
(813) 737-1312,Turkey Creek Stables,Establishment,"5534 Turkey Creek Rd, Plant City, FL 33567, USA"
(813) 777-2061,Hidden Meadow Farms,Establishment,"8231 County Rd 39, Plant City, FL 33567, USA"
(863) 581-1876,English Oaks Equestrian Center,Establishment,"4815 Medulla Rd, Lakeland, FL 33811, USA"
(863) 670-2929,Golden Legacy Farms,Establishment,"1627 McLin Dr, Plant City, FL 33565, USA"
(813) 244-2301,Fire River 4 Ranch,Establishment,"515 E Keysville Rd, Plant City, FL 33567, USA"
(813) 716-3908,stafford hill farm,Establishment,"6002 Stafford Rd, Plant City, FL 33565, USA"
(813) 752-5187,Sleepy Oaks Farm,Establishment,"1003 Cowart Rd, Plant City, FL 33567, USA"
(813) 719-6041,Bay Lakes Stable,Establishment,"4617 Garland Branch Rd, Dover, FL 33527, USA"
(863) 559-9087,"Pine Creek Ranch - Bartow, FL",Establishment,"4311 Old Bartow Eagle Lake Rd, Bartow, FL 33830, USA"
(813) 415-4592,Shady Creek Ranch,Establishment,"3416 Larry Kelley Ln, Plant City, FL 33566, USA"
(863) 258-6676,Crystal Beach Farm,Establishment,"3758 Crystal Beach Rd, Winter Haven, FL 33880, USA"
(813) 416-5637,Bolo Hunt - Real Time Horsemanship,Establishment,"1700 S Webster Ave office only, Lakeland, FL 33803, USA"
(813) 492-5460,Southern Dream Farm,Establishment,"39724 Richland Rd, Zephyrhills, FL 33540, USA"
(863) 345-8387,VETS ER: Veterinary Emergency Triage and Surgery,Establishment,"5341 N Socrum Loop Rd, Lakeland, FL 33809, USA"
(863) 853-7819,Banfield Pet Hospital,Establishment,"919 Lakeland Park Center Dr #380, Lakeland, FL 33809, USA"
(863) 324-5227,Humane Society of Polk County,Establishment,"3195 Dundee Rd, Winter Haven, FL 33884, USA"
(863) 816-6995,Polk County Bully Project,Establishment,"5840 W Brannen Rd, Lakeland, FL 33813, USA"
(863) 229-5259,Crossed Paws Pet Rescue,Establishment,"106A Main St, Auburndale, FL 33823, USA"
(813) 704-4915,Raining Cats And Dogs Shelter,Establishment,"2708 FL-60, Plant City, FL 33567, USA"
(863) 802-8409,Dreamward Travel,Establishment,"137 Florida Ave S, Lakeland, FL 33801, USA"
(863) 815-0995,Traveling Fedoras- Dream Vacations,Establishment,"1124 Lakewood Rd, Lakeland, FL 33805, USA"
(863) 274-3715,Kinsey Travel LLC,Establishment,"Goldenview Ln, Lakeland, FL 33811, USA"
(863) 274-6977,Vibes Vacation & Tours,Establishment,"Bently Dr, Lakeland, FL 33809, USA"
(863) 709-9208,Imagine Tours & Travel,Establishment,"509 W Co Rd 540A, Lakeland, FL 33813, USA"
(802) 343-7906,Just for you Vacations,Establishment,"5320 FL-33, Lakeland, FL 33805, USA"
(813) 797-1915,Bayport Holidays,Establishment,"304 E Pine St #146, Lakeland, FL 33801, USA"
(937) 597-5242,Gina's Getaways LLC,Establishment,"900 Old Combee Rd, Lakeland, FL 33805, USA"
(863) 686-1400,Advantage Travel,Establishment,"3816 Industry Blvd Suite 100, Lakeland, FL 33811, USA"
(863) 533-0511,International Sun Travel Agency,Establishment,"705 E Main St, Bartow, FL 33830, USA"
(863) 295-9017,Travel and Cruise World,Establishment,"1610 Dundee Rd, Winter Haven, FL 33884, USA"
(863) 644-6261,Noseworthy Travel,Establishment,"5725 Imperialakes Blvd, Mulberry, FL 33860, USA"
(863) 816-1526,Tour Resources International,Establishment,"5706 Manchester Dr W, Lakeland, FL 33810, USA"
(863) 286-0742,Dream Vacations Eric & Barb Svenson,Establishment,"9521 Fountain Terrace, Lakeland, FL 33810, USA"
(863) 940-0866,Baymont by Wyndham Lakeland,Establishment,"4375 Lakeland Pk Dr, Lakeland, FL 33809, USA"
(863) 815-0606,La Quinta Inn & Suites by Wyndham Lakeland East,Establishment,"4315 Lakeland Pk Dr, Lakeland, FL 33809, USA"
(844) 387-6651,Stayable Lakeland,Establishment,"4645 N Socrum Loop Rd, Lakeland, FL 33809, USA"
(863) 337-4906,Home2 Suites by Hilton Lakeland North I-4,Establishment,"3610 Hopewell Ave, Lakeland, FL 33809, USA"
(863) 333-9878,Howard Johnson by Wyndham Lakeland,Establishment,"939 W Robson St, Lakeland, FL 33805, USA"
(863) 262-3900,Best Western Plus Lakeland,Establishment,"4225 New Tampa Hwy, Lakeland, FL 33815, USA"
(863) 413-1122,Hyatt Place Lakeland Center,Establishment,"525 W Orange St, Lakeland, FL 33815, USA"
(863) 595-4500,Holiday Inn Express & Suites Lakeland North - I-4 by IHG,Establishment,"4500 Lakeland Pk Dr, Lakeland, FL 33809, USA"
(863) 400-9876,"Motel 6 Lakeland, FL",Establishment,"3120 US Hwy 98 N, Lakeland, FL 33805, USA"
(863) 413-1700,SpringHill Suites by Marriott Lakeland,Establishment,"511 W Lime St, Lakeland, FL 33815, USA"
(863) 683-5961,Best Motel,Establishment,"601 E Memorial Blvd, Lakeland, FL 33801, USA"
(863) 797-4597,Travelodge by Wyndham Lakeland,Establishment,"3425 US Hwy 98 N, Lakeland, FL 33809, USA"
(863) 859-2866,La Quinta Inn & Suites by Wyndham Lakeland West,Establishment,"1024 Lakeland Park Center Dr, Lakeland, FL 33809, USA"
(863) 797-4606,Days Inn & Suites by Wyndham Lakeland,Establishment,"4502 N Socrum Loop Rd, Lakeland, FL 33809, USA"
(863) 220-7505,Clarion Pointe Lakeland I-4,Establishment,"4321 Lakeland Pk Dr, Lakeland, FL 33809, USA"
(863) 937-9161,Lakeview motel,Establishment,"1539 E Memorial Blvd, Lakeland, FL 33801, USA"
(863) 680-1115,TownePlace Suites by Marriott Lakeland,Establishment,"3370 US Hwy 98 N, Lakeland, FL 33805, USA"
(863) 688-8080,The Lakeland Hotel,Establishment,"3260 US Hwy 98 N, Lakeland, FL 33805, USA"
(863) 500-6869,Home2 Suites by Hilton Lakeland South Polk Parkway,Establishment,"3610 Lakeside Village Blvd, Lakeland, FL 33803, USA"
(863) 816-2525,Hampton Inn Lakeland,Establishment,"4420 N Socrum Loop Rd, Lakeland, FL 33809, USA"
(727) 678-6654,Lakeland Motel,Establishment,"1817 State Hwy 546, Lakeland, FL 33801, USA"
(863) 665-4065,Bradley Motel,Establishment,"3208 US-92 E, Lakeland, FL 33801, USA"
(863) 698-7022,Siesta Motel,Establishment,"1527 George Jenkins Blvd, Lakeland, FL 33815, USA"
(863) 683-0477,Paramount Lakeside Inn & Suites,Establishment,"910 E Memorial Blvd, Lakeland, FL 33801, USA"
(863) 687-2530,Lake Wire Inn,Establishment,"244 N Florida Ave, Lakeland, FL 33801, USA"
(863) 683-7954,Economyinn of Lakeland5,Establishment,"1224 E Memorial Blvd, Lakeland, FL 33801, USA"
(863) 940-9012,Sunset Motel,Establishment,"2301 New Tampa Hwy, Lakeland, FL 33815, USA"
(863) 683-6745,Relax Inn LAKELAND,Establishment,"1433 Lakeland Hills Blvd, Lakeland, FL 33805, USA"
(863) 825-5007,"Tidy Inn - Extended stay - Weekly - Clean, friendly and affordable",Establishment,"1601 George Jenkins Blvd, Lakeland, FL 33815, USA"
(863) 682-0303,America's Best Inn Lakeland,Establishment,"508 E Memorial Blvd, Lakeland, FL 33801, USA"
(863) 665-4179,Cozy Court Motel,Establishment,"407 Woodland Ave, Lakeland, FL 33801, USA"
(813) 788-2695,Twilite Motel,Establishment,"4040 Gall Blvd, Zephyrhills, FL 33542, USA"
(863) 682-8114,Tiger Villa Motel,Establishment,"6000 New Tampa Hwy, Lakeland, FL 33815, USA"
(863) 223-6685,The Garden Gate Bed and Breakfast,Establishment,"449 Co Rd 640, Homeland, FL 33847, USA"
(813) 924-2000,Strawberry House B & B,Establishment,"805 N Wheeler St, Plant City, FL 33563, USA"
(863) 688-0800,"The Terrace Hotel Lakeland, Tapestry Collection by Hilton",Establishment,"329 E Main St, Lakeland, FL 33801, USA"
(863) 608-5592,Maria’s,Establishment,"216 Avery Dr W, Auburndale, FL 33823, USA"
(863) 904-2050,Extended Stay America Premier Suites- Lakeland-I-4,Establishment,"4360 Lakeland Pk Dr, Lakeland, FL 33809, USA"
(863) 225-2886,Staybridge Suites Lakeland West by IHG,Establishment,"3855 Don Emerson Dr, Lakeland, FL 33811, USA"
(863) 859-0100,Comfort Inn & Suites Lakeland North I-4,Establishment,"3520 US Hwy 98 N, Lakeland, FL 33809, USA"
(863) 680-2323,Residence Inn by Marriott Lakeland,Establishment,"3701 Harden Blvd, Lakeland, FL 33803, USA"
(863) 904-0199,SUN 'n FUN Campground,Campground,"4590 Rocky Rd, Lakeland, FL 33811, USA"
(863) 413-2399,Saddle Creek Campground,Campground,"3716 Morgan Combee Rd, Lakeland, FL 33801, USA"
(863) 858-2026,Lazy Dazy Retreat,Campground,"6211 US-98, Lakeland, FL 33809, USA"
(863) 815-6761,Colt Creek State Park Campground,Campground,"16000 State Road 471, Lakeland, FL 33809, USA"
(863) 687-6146,Lakeland,Establishment,"900 Old Combee Rd, Lakeland, FL 33805, USA"
(863) 665-1726,"Sanlan RV & Golf Resort, Inc.",Establishment,"3929 US Hwy 98 S, Lakeland, FL 33812, USA"
(352) 536-5117,Felix & Teresa Campground,Campground,"5313 Shady Oak Dr N, Lakeland, FL 33810, USA"
(863) 858-1269,Gator Creek Campground,Campground,"10545 US Hwy 98 N, Lakeland, FL 33809, USA"
(352) 796-7211 ext. 4470,Green Swamp Wilderness Preserve - Hampton Tract,Establishment,"14490 Rockridge Rd, Lakeland, FL 33809, USA"
(863) 665-9631,J$Js park,Establishment,"115 Fields Rd, Lakeland, FL 33801, USA"
(863) 537-1971,Good Life RV Resort,Establishment,"6815 FL-60, Bartow, FL 33830, USA"
(863) 225-4593,Gibsonia RV Park,Establishment,"5617 US Hwy 98 N, Lakeland, FL 33809, USA"
(863) 455-7335,Camp Margaritaville Auburndale,Establishment,"361 Denton Ave, Auburndale, FL 33823, USA"
(863) 400-6202,Palm Breeze Estates,Campground,"4535 US-92, Lakeland, FL 33801, USA"
(863) 686-7462,Woodall's Mobile Home Village,Establishment,"2121 New Tampa Hwy F-03, Lakeland, FL 33815, USA"
(863) 904-7346,Warrens RV Park,Establishment,"315 Commonwealth Ave N, Polk City, FL 33868, USA"
(863) 665-1611,Valencia Estates,Establishment,"3325 US-98, Lakeland, FL 33803, USA"
(813) 726-4714,Propagation Whiskey Bar and Kitchen,Establishment,"103 N Palmer St, Plant City, FL 33563, USA"
(813) 752-7763,Fred's Market Restaurant,Establishment,"1401 W Dr Martin Luther King Jr Blvd, Plant City, FL 33563, USA"
(813) 704-1374,Smokin' Aces BBQ & Steakhouse Plant City,Establishment,"2509 N Park Rd, Plant City, FL 33563, USA"
(813) 752-8546,Brick House Cafe,Establishment,"206 S Evers St, Plant City, FL 33563, USA"
(813) 759-0009,Johnson Barbeque,Establishment,"1407 W Dr Martin Luther King Jr Blvd, Plant City, FL 33566, USA"
(813) 756-3017,Tamale Factory,Establishment,"2006 W Reynolds St #4, Plant City, FL 33563, USA"
(813) 825-0888,The Rolling Crab,Establishment,"1707 James L Redman Pkwy Suite G, Plant City, FL 33563, USA"
(813) 752-3652,Snellgrove's Restaurant,Establishment,"109 S Collins St, Plant City, FL 33563, USA"
(813) 704-4548,Stage 201,Establishment,"201 E Dr Martin Luther King Jr Blvd, Plant City, FL 33563, USA"
(813) 441-4041,Blue Collar Burger,Establishment,"115 E Reynolds St, Plant City, FL 33563, USA"
(813) 752-2700,Duke’s Brewhouse,Bar,"2212 James L Redman Pkwy, Plant City, FL 33563, USA"
(813) 652-8192,Wooden Spoon Diner Plant City,Establishment,"712 S Collins St, Plant City, FL 33563, USA"
(813) 756-6504,1916 Irish Pub,Bar,"2309 Thonotosassa Rd, Plant City, FL 33563, USA"
(813) 752-5800,Olde Town Pizzeria & Pasta Co.,Establishment,"3011 James L Redman Pkwy, Plant City, FL 33566, USA"
(813) 707-0678,Mr. & Mrs. Crab Juicy Seafood & Bar - Plant City,Establishment,"1102 Goldfinch Dr, Plant City, FL 33565, USA"
(813) 640-9681,Tacos Don Villa,Cafe,"113 W Prosser Dr, Plant City, FL 33563, USA"
(813) 752-1220,Krazy Kup,Cafe,"101 E J Arden Mays Blvd, Plant City, FL 33563, USA"
(813) 707-0880,Kyoto Palace Asian buffet,Establishment,"214 W Alexander St, Plant City, FL 33563, USA"
(813) 754-8866,Wasabi Steakhouse & Sushi Bar,Establishment,"203 W Alexander St, Plant City, FL 33563, USA"
(813) 754-6215,Anna's Restaurant,Establishment,"3410 W Baker St, Plant City, FL 33563, USA"
(813) 393-0429,Nueva Imagen Salon,Beauty Salon,"205 S Collins St, Plant City, FL 33563, USA"
(863) 370-7014,Royal Image Beauty Salon,Establishment,"727 Tillman Pl Ste 104, Plant City, FL 33566, USA"
(813) 764-0003,Studio Three Salon,Beauty Salon,"603 E Alexander St, Plant City, FL 33563, USA"
(813) 759-1023,HARE & MANE,Establishment,"110 E Reynolds St # 400, Plant City, FL 33563, USA"
(813) 704-4856,Salon on the Park,Establishment,"108 NE Drane St, Plant City, FL 33563, USA"
(813) 754-2300,Textures Hair Studio,Beauty Salon,"1701 S Alexander St # 109, Plant City, FL 33566, USA"
(813) 652-8100,Audrey’s Style Bar,Establishment,"120 N Collins St, Plant City, FL 33563, USA"
(813) 763-3119,Shala Styles,Establishment,"2006 W Reynolds St, Plant City, FL 33563, USA"
(813) 752-1127,"Salon 607, Inc.",Beauty Salon,"1507 S Collins St, Plant City, FL 33563, USA"
(813) 717-7700,Artistry,Beauty Salon,"1505 S Alexander St, Plant City, FL 33563, USA"
(813) 704-5985,Beautiful You Salon,Establishment,"105 S Evers St, Plant City, FL 33563, USA"
(863) 398-5153,Ooh La La Hair Studio of Plant City,Beauty Salon,"2806 James L Redman Pkwy #205, Plant City, FL 33566, USA"
(813) 659-9525,Just Friends Hair Wackers,Beauty Salon,"713 N Park Rd C, Plant City, FL 33563, USA"
(813) 754-7267,Fantastic Sams Cut & Color,Beauty Salon,"115 W Alexander St, Plant City, FL 33563, USA"
(407) 985-6795,Studio 39 Salon & Spa,Beauty Salon,"105 S Evers St, Plant City, FL 33563, USA"
(813) 759-4247,Shear Expressions,Beauty Salon,"1514 S Alexander St, Plant City, FL 33563, USA"
(813) 412-9420,Hair Studio 89,Establishment,"102 W Reynolds St Suite 200, Plant City, FL 33563, USA"
(813) 516-8447,Lumar Beauty Spa,Beauty Salon,"2007 W Reynolds St, Plant City, FL 33563, USA"
(813) 441-4050,Hair and Beauty Bar,Establishment,"1705 James L Redman Pkwy, Plant City, FL 33563, USA"
(813) 714-7558,Dental Associates of Florida - Plant City,Dentist,"1701 S Alexander St Ste 114, Plant City, FL 33566, USA"
(813) 761-8644,Plant City Dentistry,Dentist,"2313 Thonotosassa Rd, Plant City, FL 33563, USA"
(813) 703-1833,Dental Associates at Walden Woods,Dentist,"512 E Alexander St, Plant City, FL 33563, USA"
(813) 754-2605,Inspired Dentistry of Plant City,Dentist,"1805 W Reynolds St, Plant City, FL 33563, USA"
(813) 336-8478,Monticciolo Family & Sedation Dentistry,Dentist,"310 W Alexander St, Plant City, FL 33563, USA"
(813) 567-7151,Coast Dental,Dentist,"2803 James L Redman Pkwy Ste 1, Plant City, FL 33566, USA"
(813) 680-2307,Sage Dental of Plant City,Dentist,"2909 James L Redman Pkwy Suite 12, Plant City, FL 33566, USA"
(813) 752-5554,Woodside Dental,Dentist,"704 N Alexander St, Plant City, FL 33563, USA"
(813) 754-5142,Dr. Kathleen Hermano-Soriano DDS,Dentist,"601 N Mobley St, Plant City, FL 33563, USA"
(813) 567-7001,Coast Dental,Dentist,"1912 W Reynolds St, Plant City, FL 33563, USA"
(813) 328-7954,Florida Oral & Maxillofacial Surgery,Doctor,"410 N Plant Ave, Plant City, FL 33563, USA"
(813) 686-9300,Horizon Dental Designs - Dentist Plant City,Dentist,"1708 S Alexander St, Plant City, FL 33563, USA"
(813) 703-6951,"Aspen Dental - Plant City, FL",Dentist,"2513 James L Redman Pkwy, Plant City, FL 33566, USA"
(813) 754-3794,Michael S. Mathews DMD,Dentist,"2005 Thonotosassa Rd A, Plant City, FL 33563, USA"
(813) 752-5520,Dr. Alba Peña DDS,Dentist,"420 N Alexander St, Plant City, FL 33563, USA"
(813) 752-3555,"Tooth Caboose: Dr.Tanya Bejarano DDS, Dr.Daniel Ruffolo DDS MSD",Dentist,"2005 Thonotosassa Rd STE B, Plant City, FL 33563, USA"
(813) 708-6732,Greenberg Dental & Orthodontics,Dentist,"111 W Alexander St, Plant City, FL 33563, USA"
(813) 653-6100,Plant City Family Care - Suncoast Community Health Centers,Dentist,"801 E Baker St, Plant City, FL 33566, USA"
(866) 332-0462,24-Hour Emergency Dentists,Establishment,"504 E Baker St, Plant City, FL 33563, USA"
(813) 349-7600,"Suncoast Community Health Centers, Inc.",Establishment,"710 E Reynolds St, Plant City, FL 33563, USA"
(813) 652-8093,Hometown Tire & Auto Repair,Car Repair,"203 E Baker St, Plant City, FL 33563, USA"
(813) 754-7106,Plant City Automotive,Car Repair,"2303 James L Redman Pkwy, Plant City, FL 33563, USA"
(813) 756-6380,Super Service Auto Tech,Car Repair,"901 E Baker St, Plant City, FL 33563, USA"
(813) 716-6868,My Car Guy of Plant City,Car Repair,"1410 E Baker St, Plant City, FL 33563, USA"
(813) 652-8282,JPE Auto Repairs,Car Repair,"1302 E Baker St, Plant City, FL 33563, USA"
(813) 441-4477,Automax Services,Car Repair,"310 N Collins St Suite A, Plant City, FL 33563, USA"
(813) 520-0635,"Mozalez Auto Repair, LLC",Car Repair,"1304 Wilkinson Dr, Plant City, FL 33566, USA"
(813) 707-6050,Gus's Auto Repair Glass & Tinting Inc.,Car Repair,"4757 E Dr Martin Luther King Jr Blvd, Plant City, FL 33566, USA"
(813) 759-8473,Chuck's Tire & Automotive,Car Repair,"600 S Collins St, Plant City, FL 33563, USA"
(813) 754-8473,Tire Choice Auto Service Centers,Car Repair,"2102 James L Redman Pkwy, Plant City, FL 33563, USA"
(813) 479-3395,RUBY'S TIRES AND REPAIRS,Car Repair,"3703 FL-574, Plant City, FL 33563, USA"
(813) 719-7900,"Allen & Hector’s Elite Auto, LLC",Car Repair,"1313 E Baker St, Plant City, FL 33563, USA"
(813) 737-1112,Gillespie's Auto Service & Repair,Car Repair,"4601 W, 4601 FL-60, Plant City, FL 33567, USA"
(813) 722-0983,AAMCO Transmissions & Total Car Care,Car Repair,"2908 James L Redman Pkwy, Plant City, FL 33566, USA"
(813) 752-5347,Remco Transmission Inc,Car Repair,"2303 James L Redman Pkwy K, Plant City, FL 33563, USA"
(813) 421-8946,All United Auto,Car Repair,"3308 US-92, Plant City, FL 33566, USA"
(813) 445-6406,Mavis Tires & Brakes,Car Repair,"2103 James L Redman Pkwy, Plant City, FL 33563, USA"
(813) 759-1224,"Byrd & Barnhill, P.L.",Establishment,"206 N Collins St, Plant City, FL 33563, USA"
(813) 655-1801,Heritage Law Group,Establishment,"120 N Collins St, Plant City, FL 33563, USA"
(813) 659-3612,"The Tancredo Law Firm, P.A.",Establishment,"1306 Thonotosassa Rd, Plant City, FL 33563, USA"
(813) 754-3030,Sperry Law Firm,Establishment,"1607 S Alexander St STE 101, Plant City, FL 33563, USA"
(813) 707-1488,"Rogo Law - Plant City, FL",Establishment,"1303 N Wheeler St, Plant City, FL 33563, USA"
(813) 704-6892,Law Office of Herman and Herman,Establishment,"607 S Alexander St Ste 111, Plant City, FL 33563, USA"
(813) 717-9400,"Ronald S. Tulin, PL",Establishment,"3126 FL-574, Plant City, FL 33563, USA"
(813) 756-6600,Makar Law Firm - Immigration Attorneys,Establishment,"1403 Reynolds St, Plant City, FL 33563, USA"
(813) 752-6133,Trinkle Redman P.A.,Establishment,"121 N Collins St, Plant City, FL 33563, USA"
(813) 754-1198,"Dwyer, John A",Accounting,"506 N Alexander St, Plant City, FL 33563, USA"
(813) 567-5894,"The Law Office of Keith Will Wynne, Esq.",Establishment,"1001 E Baker St Suite 101, Plant City, FL 33563, USA"
(813) 752-6155,Charles S. White PA,Establishment,"104 N Evers St Ste 201, Plant City, FL 33563, USA"
(813) 659-2020,"Cynthia M. Petitjean, P.L.",Accounting,"1306 Thonotosassa Rd, Plant City, FL 33563, USA"
(813) 754-7835,Law Office of Rocio A. Perez-Lugo,Establishment,"1003 S Alexander St #1, Plant City, FL 33563, USA"
(813) 752-1795,Evans Stephen L,Establishment,"104 N Thomas St, Plant City, FL 33563, USA"
(813) 754-3438,David H Galloway PA Attorney,Establishment,"506 N Alexander St, Plant City, FL 33563, USA"
(813) 652-0013,"The Law Office of David Heller, PLLC",Establishment,"1805 James L Redman Pkwy Suite 201, Plant City, FL 33563, USA"
(813) 719-6605,Williams Moore: Williams Joseph M,Establishment,"1409 Berryfest Pl, Plant City, FL 33563, USA"
(813) 757-3890,State Attorney's Office - Plant City,Establishment,"301 N Michigan Ave # 1022, Plant City, FL 33563, USA"
(813) 719-3525,Specialists Doctor's Group,Doctor,"210 N Alexander St STE B, Plant City, FL 33563, USA"
(786) 377-7777,Community Medical Group of Plant City,Establishment,"1415 S Collins St, Plant City, FL 33563, USA"
(813) 567-5679,"Family Medical Specialists of Florida, PLC",Doctor,"1703 Thonotosassa Rd, Plant City, FL 33563, USA"
(813) 719-2500,Watson Clinic Plant City,Doctor,"615 E Alexander St, Plant City, FL 33563, USA"
(813) 754-3504,WellMed at Plant City,Doctor,"507 W Alexander St, Plant City, FL 33563, USA"
(813) 754-3344,Millennium Physician Group - Plant City Primary-Care,Establishment,"1907 S Alexander St Suite 1, Plant City, FL 33566, USA"
(813) 704-6905,Palm Medical Centers - Plant City,Establishment,"1509 W Reynolds St, Plant City, FL 33563, USA"
(813) 431-4671,Doctors Professional Network,Doctor,"1607 W Reynolds St, Plant City, FL 33563, USA"
(813) 896-0750,SaludVIP Plant City,Establishment,"2402 James L Redman Pkwy, Plant City, FL 33566, USA"
(813) 796-7593,Conviva Senior Primary Care,Doctor,"228 W Alexander St, Plant City, FL 33563, USA"
(813) 754-4611,"Maryam Abid, DO",Doctor,"1601 W Timberlane Dr #300, Plant City, FL 33566, USA"
(813) 754-7999,The Clinic Of Plant City,Establishment,"802 W Dr Martin Luther King Jr Blvd A, Plant City, FL 33563, USA"
(813) 608-3101,MaxHealth Primary Care,Doctor,"2507 Thonotosassa Rd, Plant City, FL 33563, USA"
(813) 717-9000,veriMED Health Group Plant City,Doctor,"1706 S Alexander St B, Plant City, FL 33563, USA"
(813) 754-1496,A.K. Vijapura MD PA & Associates,Doctor,"802 W Dr Martin Luther King Jr Blvd Suite D, Plant City, FL 33563, USA"
(813) 756-5695,"Omar Aref, MD",Doctor,"1707 W Reynolds St #101, Plant City, FL 33563, USA"
(813) 703-1500,plant city discount pharmacy,Establishment,"607 E Alexander St, Plant City, FL 33563, USA"
(813) 752-1133,Super Discount Pharmacy,Drugstore,"1423 S Collins St, Plant City, FL 33563, USA"
(813) 359-2045,CenterWell Pharmacy,Establishment,"228 W Alexander St, Plant City, FL 33563, USA"
(813) 752-6192,Walgreens Pharmacy,Establishment,"1802 James L Redman Pkwy, Plant City, FL 33563, USA"
(813) 759-8733,Walgreens Pharmacy,Establishment,"2102 W Baker St, Plant City, FL 33563, USA"
(813) 754-8195,Publix Pharmacy at Plant City Crossing,Establishment,"2515 Thonotosassa Rd, Plant City, FL 33563, USA"
(813) 659-1040,Publix Pharmacy at Walden Woods,Establishment,"2202 James L Redman Pkwy, Plant City, FL 33563, USA"
(813) 659-4687,CVS,Clothing Store,"403 N Alexander St, Plant City, FL 33563, USA"
(813) 752-5765,Walmart Pharmacy,Establishment,"2602 James L Redman Pkwy, Plant City, FL 33566, USA"
(813) 717-7773,PUMP Fitness,Establishment,"1418 S Evers St, Plant City, FL 33563, USA"
(813) 757-6038,Power Shop Fitness,Establishment,"ML King Jr Blvd, 114 E St, Plant City, FL 33563, USA"
(813) 704-6955,Planet Fitness,Establishment,"1864 James L Redman Pkwy, Plant City, FL 33563, USA"
